{
    "Version": "2012-10-17",
    "Statement": [
        {
            "Effect": "Allow",
            "NotAction": [
                "iam:*",
                "organizations:*"
            ],
            "Resource": "*"
        },
        {
            "Effect": "Allow",
            "Action": [
                "iam:CreateServiceLinkedRole",
                "iam:DeleteServiceLinkedRole",
                "iam:ListRoles",
                "organizations:DescribeOrganization"
            ],
            "Resource": "*"
        }
    ]
}
